path	url	sha256	file_type
alt/MINIMOOG-D_SERVICE_MANUAL_vintagesynthparts.pdf	https://www.vintagesynthparts.com/wp-content/uploads/2016/08/MINIMOOG-D_SERVICE_MANUAL.pdf	914e3e7007ee8a5e80d1145ebabc53c2500f91f3a7b5df212a3543518391ee9d	PDF document, version 1.2, 24 page(s)
alt/folkman.txt	(derived: pdftotext of the PDF above)	bcfa0935aab7c105a3b6d1e01c8a3bbb3e734f8b0e4567d1a20518d53b426804	data
archiveorg/JL11387_Minimoog_Service_Manual_djvu.txt	https://archive.org/download/JL11387/Minimoog%20Service%20Manual_djvu.txt	cf8e8a599035b127e59faba26a101caf1e1771bfdf4b650097c4a432410c2730	Unicode text, UTF-8 text
archiveorg/Moog_Minimoog_Service_Manual_djvu.txt	https://archive.org/download/moog_Moog_Minimoog_Service_Manual/Moog_Minimoog_Service_Manual_djvu.txt	2feafa117a710bae76b7cffcab8e5fd847aaf40de8532cb57734de30ab299419	GTA in-game text (GXT), version 3, used in GTA VC/LS/VCS
ca3046/1975_RCA_Linear_Integrated_Circuits.pdf	https://www.bitsavers.org/components/rca/_dataBooks/1975_RCA_Linear_Integrated_Circuits.pdf	946096900eaa9b985eaaece9d7f415f86e65806abd20d3514546723d317c19ca	PDF document, version 1.6 (zip deflate encoded)
ca3046/CA3046-Intersil-datasheet-86464.pdf	https://datasheet.octopart.com/CA3046-Intersil-datasheet-86464.pdf	65814b945533e0f9ba15eabae95ec9d858f46324cfe12ca9cbee53b9627610f4	PDF document, version 1.5, 3 page(s)
ca3046/RCA_1975_File341_CA3045_CA3046_pp262-267.pdf	(derived: pages 262-267 of the 1975 RCA databook above)	1af484fbcc1c34e02c12461643affe3df19214cfc51a5caee1b396568b9bc276	PDF document, version 1.6
ca3046/rca1975.txt	(derived: pdftotext)	aa75795eab65249f1d5bcc5321c9dc92bca01068e2da64061252a545f78c5f6f	Unicode text, UTF-8 text
fjp/16-moog-minimoog.html	http://www.fantasyjackpalance.com/fjp/sound/synth/synthdata/16-moog-minimoog.html	7c2857513390707ba51bea45cb292401d82aa8a4150fa531f55f9bd1baf88899	HTML document, ASCII text, with very long lines (977)
fjp/opschem300/minimoog-schematics-01.gif	http://www.fantasyjackpalance.com/fjp/sound/synth/synthdata/16-minimoog/schematics300/minimoog-schematics-01.gif	ce90c82216cad0dc17ec274833ae540699ef1a3a644eb76c0152080eae41bb15	GIF image data, version 89a, 2370 x 3084
fjp/opschem300/minimoog-schematics-02.gif	http://www.fantasyjackpalance.com/fjp/sound/synth/synthdata/16-minimoog/schematics300/minimoog-schematics-02.gif	70444f4ecf682802c1b74829a20895abef09e52e051efffa541099a63595f1b6	GIF image data, version 89a, 2348 x 3084
fjp/opschem300/minimoog-schematics-03.gif	http://www.fantasyjackpalance.com/fjp/sound/synth/synthdata/16-minimoog/schematics300/minimoog-schematics-03.gif	810d9315f189e07ce979891272294776a5717fae6f61584ff63cb66ac0f91181	GIF image data, version 89a, 2348 x 3096
fjp/opschem300/minimoog-schematics-04.gif	http://www.fantasyjackpalance.com/fjp/sound/synth/synthdata/16-minimoog/schematics300/minimoog-schematics-04.gif	013ece8fe0aaac9924b3c9b85d116b08465c8c9ec06e9d76917825088c3a9a5e	GIF image data, version 89a, 1926 x 3046
fjp/opschem300/minimoog-schematics-05.gif	http://www.fantasyjackpalance.com/fjp/sound/synth/synthdata/16-minimoog/schematics300/minimoog-schematics-05.gif	5be6c6e8f0e4d5677f6b6bb1b52b5aef549b596a04f4041cb5dbac8966b18377	GIF image data, version 89a, 2370 x 3114
fjp/opschem300/minimoog-schematics-06.gif	http://www.fantasyjackpalance.com/fjp/sound/synth/synthdata/16-minimoog/schematics300/minimoog-schematics-06.gif	10ecc69a6227b467289f4a7ac118fe95221890e5aa8b9fc1f6f43cd893cc467d	GIF image data, version 89a, 1934 x 3046
fjp/opschem300/minimoog-schematics-07.gif	http://www.fantasyjackpalance.com/fjp/sound/synth/synthdata/16-minimoog/schematics300/minimoog-schematics-07.gif	8c962cb3597fe8b4b9ba2df86603439d3ce88cb7cde28b97a2ff0190c2879a96	GIF image data, version 89a, 1998 x 3156
fjp/opschem300/minimoog-schematics-08.gif	http://www.fantasyjackpalance.com/fjp/sound/synth/synthdata/16-minimoog/schematics300/minimoog-schematics-08.gif	35b6541b4479afa2b3ffaa1170a6de505776d5c4aecc0bd1f060f257d4168c3d	GIF image data, version 89a, 2358 x 3092
fjp/opschem300/minimoog-schematics-09.gif	http://www.fantasyjackpalance.com/fjp/sound/synth/synthdata/16-minimoog/schematics300/minimoog-schematics-09.gif	5719a23fb89e9fd2851b2fc32eaeeff8d37334bd21056ef16395da252c124569	GIF image data, version 89a, 1950 x 3060
fjp/opschem300/minimoog-schematics-10.gif	http://www.fantasyjackpalance.com/fjp/sound/synth/synthdata/16-minimoog/schematics300/minimoog-schematics-10.gif	7a49b3497091dbdd2f8a31c85ab6cb1e62831f696a080950cb35738be42d0ea1	GIF image data, version 89a, 1938 x 3066
fjp/opschem300/minimoog-schematics-11.gif	http://www.fantasyjackpalance.com/fjp/sound/synth/synthdata/16-minimoog/schematics300/minimoog-schematics-11.gif	a9d626c251b97ea0033ad864d14a9dd38b058685f64dfdceab7687eadf14bf65	GIF image data, version 89a, 1974 x 3138
fjp/opschem300/minimoog-schematics-12.gif	http://www.fantasyjackpalance.com/fjp/sound/synth/synthdata/16-minimoog/schematics300/minimoog-schematics-12.gif	c7af4ebfd0e50e15b4ca880acb61722b892c23ef6d78040bbf0674e8a7d508de	GIF image data, version 89a, 2010 x 3180
fjp/opschem300/minimoog-schematics-13.gif	http://www.fantasyjackpalance.com/fjp/sound/synth/synthdata/16-minimoog/schematics300/minimoog-schematics-13.gif	a80f9778eeb4724ce088f49e0aa08f89167d4fd76944e634bd1698b8fee9f094	GIF image data, version 89a, 1998 x 3174
fjp/opschem300/minimoog-schematics-14.gif	http://www.fantasyjackpalance.com/fjp/sound/synth/synthdata/16-minimoog/schematics300/minimoog-schematics-14.gif	84c418e45edb34939edd4dc9f722fafd3b10a11a37c7a3629c17d036a6eaff94	GIF image data, version 89a, 4544 x 2936
fjp/opschem300/minimoog-schematics-14a.gif	http://www.fantasyjackpalance.com/fjp/sound/synth/synthdata/16-minimoog/schematics300/minimoog-schematics-14a.gif	14921a541f0eebd0def10d3dbabb525b5d966531a0012ad882677301f56f581b	GIF image data, version 89a, 1937 x 2349
fjp/opschem300/minimoog-schematics-14b.gif	http://www.fantasyjackpalance.com/fjp/sound/synth/synthdata/16-minimoog/schematics300/minimoog-schematics-14b.gif	1b016691ccfb388358e8143c39a01ac46ac8c179bc0028167f3f8389f3e73108	GIF image data, version 89a, 1935 x 2349
fjp/parts150/replacement-parts-700.gif	http://www.fantasyjackpalance.com/fjp/sound/synth/synthdata/16-minimoog/001/replacement-parts-700.gif	f992dbaa768ea0fa1924073de61609da0b28d57a80887c3e015faa4289f960a0	GIF image data, version 89a, 1146 x 1600
fjp/parts150/replacement-parts-701.gif	http://www.fantasyjackpalance.com/fjp/sound/synth/synthdata/16-minimoog/001/replacement-parts-701.gif	a88afef9f167265944afe1a365bb57e842df32d10eaa1fabbde3ef331fd93596	GIF image data, version 89a, 1136 x 1552
fjp/parts150/replacement-parts-702.gif	http://www.fantasyjackpalance.com/fjp/sound/synth/synthdata/16-minimoog/001/replacement-parts-702.gif	edd1e7a1797fcdb8dcbcdb0b86189b70929c7217ea432c3afc9cf20a71b1a630	GIF image data, version 89a, 1126 x 1522
fjp/parts150/replacement-parts-703.gif	http://www.fantasyjackpalance.com/fjp/sound/synth/synthdata/16-minimoog/001/replacement-parts-703.gif	67cbf0bf92497d3996f31ba635c1264724f7bbe5320d4dcb1f7e2f7b3792cf37	GIF image data, version 89a, 1128 x 1526
fjp/parts150/replacement-parts-704.gif	http://www.fantasyjackpalance.com/fjp/sound/synth/synthdata/16-minimoog/001/replacement-parts-704.gif	b2b3629bdf232fd952b4869e4a25301e3493135e99755699cabf2a5ac84daa12	GIF image data, version 89a, 1124 x 1520
fjp/parts150/replacement-parts-705.gif	http://www.fantasyjackpalance.com/fjp/sound/synth/synthdata/16-minimoog/001/replacement-parts-705.gif	404968563d0e7436b52f8bcf9b8a6f15905d5764781d84c8eb923ae9ecf14b76	GIF image data, version 89a, 1120 x 1524
fjp/parts150/replacement-parts-706.gif	http://www.fantasyjackpalance.com/fjp/sound/synth/synthdata/16-minimoog/001/replacement-parts-706.gif	6c0b1edfb0503965b109d43e7881918b39afc257b250982905f25c0a34dc7c67	GIF image data, version 89a, 1120 x 1516
fjp/parts150/replacement-parts-707.gif	http://www.fantasyjackpalance.com/fjp/sound/synth/synthdata/16-minimoog/001/replacement-parts-707.gif	9b45a3b378c8873306deb83ca420ab4e0ce263780c9ec4f3ca0a63e01d4984f3	GIF image data, version 89a, 1120 x 1536
fjp/parts150/replacement-parts-708.gif	http://www.fantasyjackpalance.com/fjp/sound/synth/synthdata/16-minimoog/001/replacement-parts-708.gif	a5aba3be95a831fcdcf844132c66906fa2a9ef3931ffb8f35fbdd6382979048c	GIF image data, version 89a, 1118 x 1522
fjp/parts150/replacement-parts-709.gif	http://www.fantasyjackpalance.com/fjp/sound/synth/synthdata/16-minimoog/001/replacement-parts-709.gif	e2780d731ebaaf0a7a5bdc655e28404a9dbd50e8acbce17709c952b7de82f48c	GIF image data, version 89a, 1122 x 1540
fjp/parts150/replacement-parts-710.gif	http://www.fantasyjackpalance.com/fjp/sound/synth/synthdata/16-minimoog/001/replacement-parts-710.gif	dbff87d4a68ebe33b8ee188db57116da5c3b0a6127067ae42aacac67a12b6b73	GIF image data, version 89a, 1118 x 1518
fjp/parts150/replacement-parts-711.gif	http://www.fantasyjackpalance.com/fjp/sound/synth/synthdata/16-minimoog/001/replacement-parts-711.gif	6b4c030a81a8fa2e733e60113b20eed93808294a4ac848805d92e832bee95d2b	GIF image data, version 89a, 1118 x 1538
fjp/parts150/replacement-parts-712.gif	http://www.fantasyjackpalance.com/fjp/sound/synth/synthdata/16-minimoog/001/replacement-parts-712.gif	18003c86183e90c47e128dbb8215fb175166cec50fcb5a6f5cc5f59b4af192de	GIF image data, version 89a, 1120 x 1526
fjp/svc300/000-cover-clean.gif	http://www.fantasyjackpalance.com/fjp/sound/synth/synthdata/16-minimoog/002/000-cover-clean.gif	b418ad056b3b9aa4e87d6e18cb055a340c49915f68315cb737eb2951502bf7e0	GIF image data, version 89a, 2456 x 3264
fjp/svc300/000-cover-original.gif	http://www.fantasyjackpalance.com/fjp/sound/synth/synthdata/16-minimoog/002/000-cover-original.gif	30ec5b03be094e9bdcadec9ad59bd6c59cf7c165b52b92f19102c0e703e7a744	GIF image data, version 89a, 2456 x 3264
fjp/svc300/900-section-9-contents.gif	http://www.fantasyjackpalance.com/fjp/sound/synth/synthdata/16-minimoog/002/900-section-9-contents.gif	7343d81f929b852816982745324da9939ac3ff52d4714ccdd2c448a5a235aa20	GIF image data, version 89a, 2248 x 3048
fjp/svc300/901-osc-print-circ-1-above.gif	http://www.fantasyjackpalance.com/fjp/sound/synth/synthdata/16-minimoog/002/901-osc-print-circ-1-above.gif	c851a4f2f01f92f9560c3856da44142b23ef4a45212cc0831446cc65f518d9f9	GIF image data, version 89a, 2244 x 3072
fjp/svc300/902-osc-print-schem-above.gif	http://www.fantasyjackpalance.com/fjp/sound/synth/synthdata/16-minimoog/002/902-osc-print-schem-above.gif	3731ebe15fb885de25b0a520828781a7380374204209d6ab438808c74bd26a29	GIF image data, version 89a, 4406 x 3078
fjp/svc300/903-osc-print-schem-below.gif	http://www.fantasyjackpalance.com/fjp/sound/synth/synthdata/16-minimoog/002/903-osc-print-schem-below.gif	949a0552075283c6fb90a7405a54d884f48c1d98a427c3543a932b71887e3fd2	GIF image data, version 89a, 4422 x 3078
fjp/svc300/904-osc-print-circ-1-below.gif	http://www.fantasyjackpalance.com/fjp/sound/synth/synthdata/16-minimoog/002/904-osc-print-circ-1-below.gif	39292dda69ac2591781b840d1677f5949850f971119aa37087fddbced75d139c	GIF image data, version 89a, 2260 x 3092
fjp/svc300/905-matching-transistor.gif	http://www.fantasyjackpalance.com/fjp/sound/synth/synthdata/16-minimoog/002/905-matching-transistor.gif	547837b4f9d30bcc88a5ff76348ad3ebfaf45924ddb453343e9aef487e7404a5	GIF image data, version 89a, 2224 x 3044
fjp/svc300/906-cont-gen-key-print-asm.gif	http://www.fantasyjackpalance.com/fjp/sound/synth/synthdata/16-minimoog/002/906-cont-gen-key-print-asm.gif	3bfd61189510adff6511338223d30cc681bc3b8b9472cf699d657bd6bca50be4	GIF image data, version 89a, 2215 x 3096
fjp/svc300/907-cont-gen-key-schem.gif	http://www.fantasyjackpalance.com/fjp/sound/synth/synthdata/16-minimoog/002/907-cont-gen-key-schem.gif	ab1f504f31f7c2fbac93a7de1a6a47b3f68019da214205d1d26671526a7caaa3	GIF image data, version 89a, 4572 x 3084
fjp/svc300/908-power-print-circ-schem.gif	http://www.fantasyjackpalance.com/fjp/sound/synth/synthdata/16-minimoog/002/908-power-print-circ-schem.gif	91d32d6d9961b7eaf5e81958e7efa1304b34bafa60be68fac82a0391af05ae91	GIF image data, version 89a, 4470 x 3084
fjp/svc300/909-power-print-circ-asm.gif	http://www.fantasyjackpalance.com/fjp/sound/synth/synthdata/16-minimoog/002/909-power-print-circ-asm.gif	d906e21922032f1fef6c0c0aa72cb73b39e34b24b37d85357ad2e4a9882b7d30	GIF image data, version 89a, 2236 x 3104
fjp/svc300/910-filt-print-circ-asm.gif	http://www.fantasyjackpalance.com/fjp/sound/synth/synthdata/16-minimoog/002/910-filt-print-circ-asm.gif	0ca38c2b19605b216f2d888f7af48289729eab2fcfad1f4679474ede2217111e	GIF image data, version 89a, 2240 x 3096
fjp/svc300/911-filt-print-circ-schem.gif	http://www.fantasyjackpalance.com/fjp/sound/synth/synthdata/16-minimoog/002/911-filt-print-circ-schem.gif	df5004f0c6d6f764bc997f457b2435ba9e457c6fee54f7257576d4055f9a99a0	GIF image data, version 89a, 4632 x 3132
fjp/svc300/912-left-cont-circ-schem.gif	http://www.fantasyjackpalance.com/fjp/sound/synth/synthdata/16-minimoog/002/912-left-cont-circ-schem.gif	c30252e5d2c44c8b8c1ad83326e747528032a3a451e65f87628caab3f0679853	GIF image data, version 89a, 2288 x 3092
fjp/svc300/913-rect-print-circ-schem.gif	http://www.fantasyjackpalance.com/fjp/sound/synth/synthdata/16-minimoog/002/913-rect-print-circ-schem.gif	c8fc2d2e6bc5903da2da242437c3960dddaad6ce222ecb1f44b5f817a9539331	GIF image data, version 89a, 2128 x 3084
fjp/svc300/914-oct-buff-schem-asm.gif	http://www.fantasyjackpalance.com/fjp/sound/synth/synthdata/16-minimoog/002/914-oct-buff-schem-asm.gif	7fff1716babbc6970b31e24d08413d6c4496bf8d68ed875ce638cc1dfbf7a3e3	GIF image data, version 89a, 2192 x 3088
fjp/svc300/915-left-cont-asm-trans-w.gif	http://www.fantasyjackpalance.com/fjp/sound/synth/synthdata/16-minimoog/002/915-left-cont-asm-trans-w.gif	e65a5530d637dfd061e122b15749b822fed081bc38a30ee8538bb0eecd086470	GIF image data, version 89a, 2224 x 3140
fjp/svc300/916-front-panel-asm.gif	http://www.fantasyjackpalance.com/fjp/sound/synth/synthdata/16-minimoog/002/916-front-panel-asm.gif	b03eb12b29f3aadf0bc7f93127f167b288d23e856a95f30f06866a95c37f83c8	GIF image data, version 89a, 5988 x 3131
fjp/svc300/917-interconnect-wiring.gif	http://www.fantasyjackpalance.com/fjp/sound/synth/synthdata/16-minimoog/002/917-interconnect-wiring.gif	9c0914a51d6f44b047fbe87602a8539920d89f2da7d4005def6bbe2b9bab762a	GIF image data, version 89a, 5958 x 3084
history/moogarchives_mini.htm	http://www.moogarchives.com/mini.htm	0e22b2b2e79df5796921200ff0bc6ad5a55da14d16716a2d8a9d064361432231	HTML document, ASCII text, with CRLF line terminators
history/moogarchives_mini02.htm	http://www.moogarchives.com/mini02.htm	898439eae8dbeeeb202e1d3a90ebc665034ecb8c887154dcc5c746a21122f3b6	HTML document, ASCII text, with CRLF line terminators
history/moogarchives_mini03.htm	http://www.moogarchives.com/mini03.htm	ea733eb770f137cbd57604bd2c4ec2b7caf15cd7dab3c11fd7ec2066c7acba87	HTML document, ASCII text, with CRLF line terminators
history/moogarchives_mini04.htm	http://www.moogarchives.com/mini04.htm	7731c618c97f134ed979233a13ddd09c15a60141c890615ef997738806fc104d	HTML document, ASCII text, with CRLF line terminators
history/moogarchives_minicd.htm	http://www.moogarchives.com/minicd.htm	089c5606a30f801de41480ea3acac9f24c7e02e97247997d45fbf115191be57e	HTML document, ASCII text, with CRLF line terminators
history/moogarchives_schem.htm	http://www.moogarchives.com/schem.htm	7465071b95ac3262ecaa05e3f4ba1bfa4fac7eb8a9b4aadd35bb42406b07f648	HTML document, ASCII text, with CRLF line terminators
papers/2012__Daly__AMT_MSc_FinalProject_MoogVCF.pdf	http://www.acoustics.ed.ac.uk/wp-content/uploads/AMT_MSc_FinalProjects/2012__Daly__AMT_MSc_FinalProject_MoogVCF.pdf	ff70c614ec5239f686e38a315c6082dbbe1e08c0b7b5176f708a3535b11fcfd9	PDF document
papers/84_e.pdf	https://www.dafx.de/paper-archive/2011/Papers/84_e.pdf	47b6d9693e274829f4d8d1d7c2125960e05bcf800b5af335ef5a07e798ecdc2d	PDF document
papers/DAFx-15_submission_54.pdf	https://www.dafx.de/paper-archive/2015/DAFx-15_submission_54.pdf	913a44b9a6d3800c95704d2bf0f48cb79b794a02faaae7d58a5a0ad9cf7751ec	PDF document
papers/DAFx2020_paper_70.pdf	https://www.dafx.de/paper-archive/2020/proceedings/papers/DAFx2020_paper_70.pdf	f14708ee50dca444dc7784b7e6eafca69006aaaec2616a71123b426dff57e406	PDF document
papers/DAFx20in21_paper_37.pdf	https://dafx.de/paper-archive/2021/proceedings/papers/DAFx20in21_paper_37.pdf	be9021cb5410d675505e3f242b3d9543167ba115ead88f382310fa8fc2e0498f	PDF document
papers/DavidYehThesissinglesided.pdf	https://ccrma.stanford.edu/~dtyeh/papers/DavidYehThesissinglesided.pdf	e2bc9271bb3c24d22926772a090e37e34f8c3ae44b9d483d6ddcaeba65c82174	PDF document
papers/ELEC_Paschou2017_Moog_VCF.pdf	https://acris.aalto.fi/ws/portalfiles/portal/27503975/ELEC_Paschou2017_Moog_VCF.pdf	aa2799e42366ddcc670ee59c9ea3e095946ba530763841e3f3628e29ca81a3fd	PDF document
papers/Germain_2011_MA_thesis__SZPTHUP_2011_RDzMHc_J31519222-j43648008.pdf	https://mcgill.scholaris.ca/bitstreams/795bcb6e-8371-41b0-9c95-bb35fd653666/download	81a1f3c7b54b0e639bb3d3857176370b148ed32781ae39fd92d9c81f227d688b	PDF document
papers/HdR_ThomasHelie.pdf	http://recherche.ircam.fr/anasyn/helie/hdr/HdR_ThomasHelie.pdf	b0bcbe7a4fd144fb5d3f51423aa1fce304efa413047ba40d5447eaa0e93685ef	PDF document
papers/Holters-Zoelzer-2015-A-Generalized-Method-for-the-Derivation-of-Non-linear-State-space-Models-from-Circuit-Schematics.pdf	https://www.hsu-hh.de/ant/wp-content/uploads/sites/699/2017/10/Holters-Z%C3%B6lzer-2015-A-Generalized-Method-for-the-Derivation-of-Non-linear-State-space-Models-from-Circuit-Schematics.pdf	4a7c0118b4c8244916088771ed98159d3a07a32cae6299038f04615838fa466e	PDF document
papers/KurtJamesWernerDissertation-augmented.pdf	https://stacks.stanford.edu/file/druid:jy057cz8322/KurtJamesWernerDissertation-augmented.pdf	10b71e2be20d121e5ad62d7fd6e6e87c24ef3f950f1e15371a76fc5622f9ba39	PDF document
papers/Moog_ladder_tf.pdf	https://www.timstinchcombe.co.uk/synth/Moog_ladder_tf.pdf	34d93147b915db0e5d757d3dd3b4888e986f5fa345c56ed110e22c7dd1e9fd78	PDF document
papers/P_061.PDF	https://dafx.de/paper-archive/2004/P_061.PDF	d8bee4101c859f3eb8f0ccc0d08d6a3af09745ccce4c6549e46dd27138a30d67	PDF document
papers/TimStilsonPhDThesis2006.pdf	https://ccrma.stanford.edu/~stilti/papers/TimStilsonPhDThesis2006.pdf	815c43112682c72b7967e60a03b45aa976d297cd5487e1f83994f93e5880d6f4	PDF document
papers/US3475623.pdf	https://patentimages.storage.googleapis.com/ea/a3/6e/d3c9ff36d3e14a/US3475623.pdf	464ba3222f40e8430281388b06085177702331b2d87c9ec9361c929f48480905	PDF document
papers/US4050343.pdf	https://patentimages.storage.googleapis.com/cd/08/12/8754c817af1e7e/US4050343.pdf	0511b059969818db53b32a4613176791637ccddd83843f0a5df9b2d0ed74433a	PDF document
papers/VAFilterDesign_2.1.2.pdf	https://archive.org/download/the-art-of-va-filter-design-rev.-2.1.2/VAFilterDesign_2.1.2.pdf	a9e82cd6280284ff11c4badbdf22576c9015deab02975c72cea91bdc00846043	PDF document
papers/VL_Discrete-time.pdf	https://mural.maynoothuniversity.ie/id/eprint/4185/1/VL_Discrete-time.pdf	dadfe0f7744ef2660d5c26551f583d013474732e170b60943ef47779a91baee8	PDF document
papers/aaltodoc_article5_DAngelo_Valimaki_2014_GenMoog_PartI.pdf	https://aaltodoc.aalto.fi/server/api/core/bitstreams/7ebb6719-8c32-4e23-97ce-b6ebac589990/content	8f485ee1ee77e80566cf6570573043a53ef96ae4a20eff8574c4748126b9b91c	PDF document
papers/aaltodoc_article6_DAngelo_Valimaki_2014_GenMoog_PartII.pdf	https://aaltodoc.aalto.fi/server/api/core/bitstreams/3bb99681-d732-4643-94ae-fd1eddfea381/content	6d7a15d384365882cfb3f7699a605d03ed3756147b4b8b7ec9429e2eb1c8a53e	PDF document
papers/blit.pdf	https://ccrma.stanford.edu/~stilti/papers/blit.pdf	93814baf0d7fbbb8ccb7e86f8a75ac3a9fa41ca472052a4da70c78938b998d22	PDF document
papers/dafx08_06.pdf	https://dafx.de/paper-archive/2008/papers/dafx08_06.pdf	ec5d9bbe8b6a47daf7cdb57bdef255eb1ac878b03d56e5fb3aae233f72527a58	PDF document
papers/isbn9789526055862.pdf	https://aaltodoc.aalto.fi/server/api/core/bitstreams/803386d5-d47a-47b2-8f09-e25dee6618d6/content	fb28238a5ccddfc12be7493dacb60ceaca552bbe8e93a6e1754b6d329e010250	PDF document
papers/isbn9789526059068.pdf	https://aaltodoc.aalto.fi/bitstream/handle/123456789/14420/isbn9789526059068.pdf	9bf563a5491dcea47342ebfd3d7deacbee16977035c2c52fe62e6a00de012013	PDF document
papers/moogvcf.pdf	https://ccrma.stanford.edu/~stilti/papers/moogvcf.pdf	0253df9ebf59b4bbafd167b3ce9a96397acf37c0b335ea4b8f9f82cb0ebea46d	PDF document
papers/p_007.pdf	https://dafx.de/paper-archive/2006/papers/p_007.pdf	c4ca81deb0e308650575f85e14b9fe965ffe8ca641a20932ed90c9762ed6c973	PDF document
papers/yeh10_taslp.pdf	https://ccrma.stanford.edu/~dtyeh/papers/yeh10_taslp.pdf	e187fc6e8f30d45f26b5fdf8c4c71c7b59fae91319a089319a214eb44a87c909	PDF document
papers/yeh12_taslp.pdf	https://ccrma.stanford.edu/~dtyeh/papers/yeh12_taslp.pdf	5b4878e4fe406dcc85f28faad061273a2c717b9a38fb27002486340ae44189d9	PDF document
papers_manifest.tsv	?	2de7bdcb6fe5ae44d3600a1ea8a85c28948aadbd935773a1ff20c8d4d67430f0	ASCII text, with very long lines (397)
photos/matrixsynth2026_early_osc_rev2_LM3046_a.jpg	blogger.googleusercontent.com (images in https://www.matrixsynth.com/2026/03/moog-minimoog-early-oscillator-board.html)	50e3e8dbb505292665a85480e4d6344dc0dfd9ad63d7eb626a75e367c24568e3	JPEG image data, Exif standard: [TIFF image data, little-endian, diren
photos/matrixsynth2026_early_osc_rev2_LM3046_b.jpg	blogger.googleusercontent.com (images in https://www.matrixsynth.com/2026/03/moog-minimoog-early-oscillator-board.html)	60ed705d708559394c5e22bbe5e51717731c1e20555a17589acb99d3f6e15e9f	JPEG image data, Exif standard: [TIFF image data, little-endian, diren
semis/aimspice_national/spice.htm	https://techlib.com/misc/spice.htm	18d50cfa7e9d9a330737304e9d494d47794f005dd7775b9575d5f3ac7acc6c58	HTML document, ISO-8859 text, with very long 
semis/central/1N4148.LIB	https://central.aeminc.com/docs/ENGINEERING/CSM/1N4148.LIB	61e9e5b7ec11b2ed3c0429ace26cf40a436b623701c8935729565b0e9c7941d0	ASCII text, with CRLF line terminators
semis/central/1N4148.PDF	https://central.aeminc.com/datasheets/1N4148.PDF	31dc0f1c9b4e1c38a89482967381ef17f8511d81d14629174792488311c1af8c	PDF document, version 1.7, 7 page(s)
semis/central/1N914.LIB	https://central.aeminc.com/docs/ENGINEERING/CSM/1N914.LIB	3b9a0db01f2d6ce870a43e07493aa9f4ffd2cb93a858223b5dcbc0d827087413	ASCII text, with CRLF line terminators
semis/central/2N3395-3398.PDF	https://central.aeminc.com/datasheets/2N3395-3398.PDF	2adfeaff53637f1593b7bc4a94a30305008fb96e5b03cd5fb66637604229b7d2	PDF document, version 1.7, 5 page(s)
semis/central/2N3414-3417.PDF	https://central.aeminc.com/datasheets/2N3414-3417.PDF	84340045cabfb2c8bc486b9b0e456a198fd5735bb150914b1b6fe9ebdb870bc5	PDF document, version 1.7, 5 page(s)
semis/central/2N3904.LIB	https://central.aeminc.com/docs/ENGINEERING/CSM/2N3904.LIB	97764c845cad8e3c2becc9fdb7fb05dd69ac26e55259ba381660d05116788e6c	ASCII text, with CRLF line terminators
semis/central/2N3905.PDF	https://central.aeminc.com/datasheets/2N3905.PDF	01b752706bad4fb59647ebf1106e3512840e28e7f981f8a16b2e277eac037233	PDF document, version 1.7, 3 page(s)
semis/central/2N3906.LIB	https://central.aeminc.com/docs/ENGINEERING/CSM/2N3906.LIB	f81142f8fabc5b781efd7d077e20ba3bcb2d0964485bea1d2de593de8bc15ee5	ASCII text, with CRLF line terminators
semis/central/2N4058-4062.PDF	https://central.aeminc.com/datasheets/2N4058-4062.PDF	dc00b884bd33bce03e61770b4d4b78f26adadcb337c891ab172756d438652533	PDF document, version 1.7, 3 page(s)
semis/central/2N4402.PDF	https://central.aeminc.com/datasheets/2N4402.PDF	bc0ce5bd14b274c8ba80197296a670101f76957eb47437ca14f37fb037456cbb	PDF document, version 1.7, 4 page(s)
semis/central/2N4403.LIB	https://central.aeminc.com/docs/ENGINEERING/CSM/2N4403.LIB	8c35b2f03521050ee9794a333a4541adeb759970a24d0bef1cd38451fe905022	ASCII text, with CRLF line terminators
semis/central/CP191V.LIB	https://central.aeminc.com/docs/ENGINEERING/CSM/CP191V.LIB	684396c2feacc716e375de9952160f2cdcab630fe0b49e80a89174961ab8c67e	ASCII text, with CRLF line terminators
semis/central/CP392.LIB	https://central.aeminc.com/docs/ENGINEERING/CSM/CP392.LIB	d0a26ae06fcb711032b52e801c2200e47da463c3e9a134b32506442790850ac3	ASCII text, with CRLF line terminators
semis/central/CP792.LIB	https://central.aeminc.com/docs/ENGINEERING/CSM/CP792.LIB	cd8302d65810b1d4661e7138477666f4cdc1e498e3da2dbd854a765a46e7c7ae	ASCII text, with CRLF line terminators
semis/central/CPD69.LIB	https://central.aeminc.com/docs/ENGINEERING/CSM/CPD69.LIB	37a3167c902e0c5f7f3292adcebfccc3c26c4db9f717acdc2b79fc94408cdaf2	ISO-8859 text, with CRLF line terminators
semis/central/CPD83V.LIB	https://central.aeminc.com/docs/ENGINEERING/CSM/CPD83V.LIB	970df2f4af7cedc03acf5164bec11521dfb734857217307201530322c7662e41	ASCII text, with CRLF line terminators
semis/central/MPS3392-95.PDF	https://central.aeminc.com/datasheets/MPS3392-95.PDF	ba9d5be0a4a7a1da1f2d2b14bea21936adfb45925a00a518fafbbba57b97513b	PDF document, version 1.7, 4 page(s)
semis/central_spice_index.html	https://my.centralsemi.com/content/engineering/spicemodels/index.php	b95869e4313015dc04cd4eb0f685d9d38e59d4a6c8d1c0925e4d795df9090e5e	HTML document, Unicode text, UTF-8 text, with
semis/d4u/1N34A_Microsemi_d4u1462522.pdf	https://datasheet4u.com/pdf/1462522/1N34A.pdf	77f30fbfafc704a7a8061ebc4c89ab57e82a1e4c262ef5631e8d44c18d5eb7db	PDF document, version 1.7, 1 page(s)
semis/d4u/1N458A_Fairchild_d4u133723.pdf	https://datasheet4u.com/pdf/133723/1N458A.pdf	14a945cb1e356ce36fd079ce99a35918e5109cfb8b194ffc2a49c592d0e2413d	PDF document, version 1.4, 2 page(s)
semis/d4u/1N821-1_Microsemi_d4u1126957.pdf	https://datasheet4u.com/pdf/1126957/1N821-1.pdf	dec03d4c1155ce739acd884fe50f3277bbb1be851706cc956e9d94db58684d96	PDF document, version 1.7, 5 page(s)
semis/d4u/1N821_Motorola_d4u98089.pdf	https://datasheet4u.com/pdf/98089/1N821.pdf	5b479f01524684b9f0514e6c4cb2fb789351a7cdfdb6656d348e3a5f4dbe5419	PDF document, version 1.1, 4 page(s)
semis/d4u/2N3392_Fairchild_d4u74025.pdf	https://datasheet4u.com/pdf/74025/2N3392.pdf	bb6173b568ed00fd6be8c237bd7e38e9ef5b27bfe1bfc5a32336ce5cc1bd6f90	PDF document, version 1.2, 2 page(s)
semis/d4u/2N3392_GE_d4u583505.pdf	https://datasheet4u.com/pdf/583505/2N3392.pdf	5eadfc1bcac03aef0e84b485e753eccbf0f91132a0f23b723de14e863ea9d75e	PDF document, version 1.5, 4 page(s)
semis/d4u/2N3954_Siliconix_d4u1404043.pdf	https://datasheet4u.com/pdf/1404043/2N3954.pdf	68984afbc1b33113d33f70c96e7fc7dd37da29574a00e90968451ffc93bfbae6	PDF document, version 1.7, 1 page(s) (zip def
semis/d4u/2N4058_MicroElectronics_d4u74380.pdf	https://datasheet4u.com/pdf/74380/2N4058.pdf	c670bcb8ba91b6026c6eba4d8e2ece5f14c25386a383db7c23e22d5c15a6f73a	PDF document, version 1.3, 2 page(s)
semis/d4u/2N4303_Siliconix_d4u1537226.pdf	https://datasheet4u.com/pdf/1537226/2N4303.pdf	07986a6e6cd13cf699d1a9464a4baf3fafe21b9a805ff26a262db2a2503211dd	PDF document, version 1.7, 1 page(s) (zip def
semis/d4u/LS3954A_LinearSystems_d4u1559774.pdf	https://datasheet4u.com/pdf/1559774/LS3954A.pdf	c742151eabc19c6d219a1ecba3c9a62759ea4f6074ca3c2a390f971b6aa51fb0	PDF document, version 1.5 (zip deflate encode
semis/d4u/MPS-U05_ETC_d4u811540.pdf	https://datasheet4u.com/pdf/811540/MPS-U05.pdf	06e4b3ae6996ccaad64fe42d1ff70203c857f28f10048f8027c5c988c4b141e7	PDF document, version 1.7, 2 page(s) (zip def
semis/d4u/MPSU55_Motorola_d4u542718.pdf	https://datasheet4u.com/pdf/542718/MPSU55.pdf	1bdfc0c9b9ab842eca61e96633fc2c3261f7908bb251d90b1a34688c66bb2bd5	PDF document, version 1.3, 2 page(s) (zip def
semis/d4u/TIS92_TI_d4u1540862.pdf	https://datasheet4u.com/pdf/1540862/TIS92.pdf	e2386bfb1cfb6c80ae93e1a24cdcf4ec4eba7ea9a9671403ca40c10a3de8acbc	PDF document, version 1.4, 6 page(s)
semis/d4u/TIS93_Fairchild_d4u323796.pdf	https://datasheet4u.com/pdf/323796/TIS93.pdf	8dfbd154759ef737fda48dd1dfa6b9850eb331a02edf3a1ec703b5e47d40b4c0	PDF document, version 1.1, 2 page(s)
semis/databooks/1969_CC202_Preferred_Semiconductors_and_Components_from_Texas_Instruments.pdf	http://www.bitsavers.org/components/ti/_dataBooks/1969_CC202_Preferred_Semiconductors_and_Components_from_Texas_Instruments.pdf	bc9c1532db6e301d9598248f05675b73d78302a514c4e8c4061dea74db00deef	PDF document, version 1.6 (zip deflate encode
semis/databooks/1971_Fairchild_TO92_Plastic_Transistors.pdf	http://www.bitsavers.org/components/fairchild/_dataBooks/1971_Fairchild_TO92_Plastic_Transistors.pdf	d2cab3116cb6a87074ac0f1338db27f98748ee5ceb49836cf9bb1b69678b3ece	PDF document, version 1.6 (zip deflate encode
semis/databooks/1974_Motorola_Discrete_Semiconductor_Series_A_Vol1_to_1N5000_2N5000.pdf	http://www.bitsavers.org/components/motorola/_dataBooks/1974_Motorola_Discrete_Semiconductor_Series_A_Vol1_to_1N5000_2N5000.pdf	d69772b0cbb8aef7dd43680ad155fa4313a5d5a6c3c7870c851ac542d6a37d5f	PDF document, version 1.3, 1033 page(s)
semis/databooks/1974_Motorola_Discrete_Semiconductor_Series_A_Vol3_Non-Registered_Type_Numbers.pdf	http://www.bitsavers.org/components/motorola/_dataBooks/1974_Motorola_Discrete_Semiconductor_Series_A_Vol3_Non-Registered_Type_Numbers.pdf	2ac267b9aae282e596e61a67eec221d129bcb50e0cf806accb58f5809bac2193	PDF document, version 1.3, 1483 page(s)
semis/databooks/1977_National_FET_Databook.pdf	http://www.bitsavers.org/components/national/_dataBooks/1977_National_FET_Databook.pdf	b8b4c9c4c17419d108f9f90d97c7ff8db9f6100ae15b437c672ab772dfdcdc11	PDF document, version 1.3, 290 page(s)
semis/databooks/1977_Siliconix_FET_Data_Book.pdf	http://www.bitsavers.org/components/siliconix/_dataBooks/1977_Siliconix_FET_Data_Book.pdf	7f989de7c303bc3280ec06f31246a321cc7ab1e8956333dcd7c1880416812d70	PDF document, version 1.6 (zip deflate encode
semis/databooks/1978_Fairchild_Diode_Data_Book.pdf	http://www.bitsavers.org/components/fairchild/_dataBooks/1978_Fairchild_Diode_Data_Book.pdf	cdbb43e3792f2cb69446e37b87c9222579a3dc5fc01545e15843345c6e82bfa6	PDF document, version 1.3, 210 page(s)
semis/databooks/1978_Silicon_General_Linear_IC.pdf	http://www.bitsavers.org/components/siliconGeneral/_dataBooks/1978_Silicon_General_Linear_IC.pdf	84fe7d505b15d09d360278ad4ff13ba03b36161d4cd4a15dbba63469fce2e9d5	PDF document, version 1.3, 122 page(s)
semis/databooks/1979_Fairchild_Small_Signal_Transistor_Data_Book.pdf	http://www.bitsavers.org/components/fairchild/_dataBooks/1979_Fairchild_Small_Signal_Transistor_Data_Book.pdf	ec70ed04d4ff22b9a6842599c4ade884ec4d046c1e1c0119cf8b8dcf8f7f983a	PDF document, version 1.6 (zip deflate encode
semis/databooks/1987_GE_RCA_Signal_Transistors_and_Rectifiers.pdf	http://www.bitsavers.org/components/ge/1987_GE_RCA_Signal_Transistors_and_Rectifiers.pdf	0eeeb22c5c512b69b05b91d88fe6afedfa67053d6a7fee35da994ce6d07bdf5a	PDF document, version 1.3, 142 page(s)
semis/databooks/1N456_thru_1N459.pdf	http://www.bitsavers.org/components/ti/discrete/diodes/1N456_thru_1N459.pdf	75a2bdb0c3bb11db85dce9e57b46307d3dbb9ac636548be40ef039ea8b09a85b	PDF document, version 1.3, 2 page(s)
semis/databooks/1N914_1N916_Dec1959.pdf	http://www.bitsavers.org/components/ti/discrete/diodes/1N914_1N916_Dec1959.pdf	8663ea2dcc5e8ec12b08070a0fcd0a0365759e3e0182604069a497e106ee9c5c	PDF document, version 1.3, 4 page(s)
semis/databooks/GE-Replacement-Semiconductor-Guide-1975.pdf	https://www.worldradiohistory.com/Archive-Catalogs/GE/GE-Replacement-Semiconductor-Guide-1975.pdf	409eb07928df61856127c13237373c8fde24c35dce1426865e1467a8739dad44	PDF document, version 1.7
semis/excerpts/Fairchild_1978_Diode_pdfp128_1N456-1N459A.pdf	DERIVED: qpdf page extract from databooks/ (pdf page numbers in filename)	fba598a7f2d3dfd2f664e9b65953b51047d1eccedfa13cc55d947b49577267dd	PDF document, version 1.3, 1 page(s)
semis/excerpts/Fairchild_1978_Diode_pdfp135_1N914_1N4148.pdf	DERIVED: qpdf page extract from databooks/ (pdf page numbers in filename)	7451e70198dff6865c002226fb8ca4b8936688d5d99f1b0573d536aa600ce8be	PDF document, version 1.3, 1 page(s)
semis/excerpts/Motorola_1974_Vol1_pdfp931-935_2N4402_2N4403.pdf	DERIVED: qpdf page extract from databooks/ (pdf page numbers in filename)	c873cd47ab95298f4f5cceb0c316b2db13bcfb80bda602f8fcc4d4179ae7423a	PDF document, version 1.3, 5 page(s)
semis/excerpts/Motorola_1974_Vol3_pdfp1104-1105_MPS-U05_MPS-U06.pdf	DERIVED: qpdf page extract from databooks/ (pdf page numbers in filename)	0e9b0ece6a25ef3e5666d556d18a1752438d839a9e5efc0a5772a956589f4840	PDF document, version 1.3, 2 page(s)
semis/excerpts/Motorola_1974_Vol3_pdfp1124-1125_MPS-U55_MPS-U56.pdf	DERIVED: qpdf page extract from databooks/ (pdf page numbers in filename)	8414db0aec6afe3ec4a20ae1a4989a2fee8ee13129aa0586855393cb214c8420	PDF document, version 1.3, 2 page(s)
semis/excerpts/Motorola_1974_Vol3_pdfp898-899_MPS3390-MPS3398.pdf	DERIVED: qpdf page extract from databooks/ (pdf page numbers in filename)	96e385564c07c79e231e27480e2cd5d97af70c9aa64cc3292c5abb5b62cee60b	PDF document, version 1.3, 2 page(s)
semis/excerpts/SiliconGeneral_1978_pdfp6_71_xref_and_SG3821.pdf	DERIVED: qpdf page extract from databooks/ (pdf page numbers in filename)	57326b3a445241d13e82f72b3e199ccb398bec381a0dae083b8c751eeac43733	PDF document, version 1.3, 2 page(s)
semis/excerpts/Siliconix_1977_pdfp114_E400_E401_E402.pdf	DERIVED: qpdf page extract from databooks/ (pdf page numbers in filename)	16fa780bc878f93dc86e0362214897c6144f74c635e1eeb8df9dcbfced477a8b	PDF document, version 1.6, 1 page(s)
semis/excerpts/Siliconix_1977_pdfp221-222_process_NP_curves.pdf	DERIVED: qpdf page extract from databooks/ (pdf page numbers in filename)	b22088a226f3a71b9ccae8006b17aa42f357ebe6caa4a98be5f49a6e8ebdf783	PDF document, version 1.6, 2 page(s)
semis/excerpts/Siliconix_1977_pdfp223_process_NQP_curves.pdf	DERIVED: qpdf page extract from databooks/ (pdf page numbers in filename)	98eb3e962b42e4aab40b0692b76fbb1078b652d8ef213415ce923dbfdf0064cc	PDF document, version 1.6, 1 page(s)
semis/excerpts/Siliconix_1977_pdfp59_2N4302_2N4303_2N4304.pdf	DERIVED: qpdf page extract from databooks/ (pdf page numbers in filename)	4f85f6e568d083d61404afd7db8bfba6e43636d8da1627b8f2041c6b187824e3	PDF document, version 1.6, 1 page(s)
semis/excerpts/TI_1969_CC202_pdfp222-223_2N4058-2N4062.pdf	DERIVED: qpdf page extract from databooks/ (pdf page numbers in filename)	815290c606ede540998d8c825c4618387b87f1b381437d681991f074ec0b7dbf	PDF document, version 1.6, 2 page(s)
semis/excerpts/TI_1969_CC202_pdfp250-253_TIS92_TIS93.pdf	DERIVED: qpdf page extract from databooks/ (pdf page numbers in filename)	2592eb2a44ac4265b70b9988a7b03e8c94a14746e9a1a3267d0ad6777ae8f902	PDF document, version 1.6, 4 page(s)
semis/excerpts/TI_1969_CC202_pdfp82-89_TIS97_TIS98_TIS99.pdf	DERIVED: qpdf page extract from databooks/ (pdf page numbers in filename)	07dbbe0cbdc9fd933226e6219f497ac841a1e2ef3d45c2b33395e10ee3e044f2	PDF document, version 1.6, 8 page(s)
semis/fairchild/TIS97_fairchild_d4u.pdf	https://datasheet4u.com/pdf/323797/TIS97.pdf	8ef264f08420813248543481e3414ffe5bf21053e5c6d385e145796d6c53c470	PDF document, version 1.1, 2 page(s)
semis/interfet/interfet-spice-models.xlsx	https://interfet.com/wp-content/uploads/interfet-spice-models.xlsx	c16c9d2ae90587088a792f009d608695c7875b2af846181683bd89e2ae504202	Microsoft Excel 2007+
semis/interfet/jfet-2n4302-2n4303-2n4304-interfet.pdf	https://interfet.com/wp-content/uploads/jfet-2n4302-2n4303-2n4304-interfet.pdf	9a392d6df7d81017f889c5697ef7eb4aa6cea185aecf764b9dd5e5dd55afcc0e	PDF document, version 1.4, 4 page(s)
semis/interfet/jfet-spice-modeling-ctc-023-interfet.pdf	https://interfet.com/wp-content/uploads/jfet-spice-modeling-ctc-023-interfet.pdf	ab2ae384ea84b31e94311a109efd0b07e09279c2364e43fc059f53e4338508cb	PDF document, version 1.7, 25 page(s)
semis/interfet/jfet-spice-standardjft-ctc-026-interfet.pdf	https://interfet.com/wp-content/uploads/jfet-spice-standardjft-ctc-026-interfet.pdf	0689154a09b227d24d3d6bd5b3e19be3eb8ee3bb039f834b4a53e3def0df85e9	PDF document, version 1.4, 18 page(s)
semis/intersil/CA3046 spice models.pdf	https://staff.washington.edu/kd1uj/BEE332/Lab3/CA3046%20spice%20models.pdf	860b3fc015aa74129c16b639a50f44c33e8da8db758e6ab85b964f6377ce9e58	PDF document, version 1.6, 6 page(s)
semis/intersil/ca3046.mdl.txt	https://ltwiki.org/files/LTspiceIV/Vendor%20List/Intersil/Other%20Analog/Spice/ca3046.mdl.txt	4aa7f51de08d154a5b39250bc4b97e4400a743857bef66ab60f141505c44d868	ASCII text
semis/intersil/mm3046-hfa3046-hfa3096-hfa3127-hfa3128-spice-model.pdf	https://www.renesas.com/en/document/apn/mm3046-hfa3046-hfa3096-hfa3127-hfa3128-spice-model	c4a490a79ba7b57d1a63b0b8f642f72a5d4292ff0232bd3bf8a40179aca85538	PDF document, version 1.3, 5 page(s)
semis/ltspice/evenator_standard.bjt	https://raw.githubusercontent.com/evenator/LTSpice-Libraries/master/cmp/standard.bjt	4d5a01edca913c569b8d763fb64ea4b5f045ad0b208d438822fb8008d6ffd7cc	ISO-8859 text, with very long lines (432)
semis/ltspice/evenator_standard.dio	https://raw.githubusercontent.com/evenator/LTSpice-Libraries/master/cmp/standard.dio	e06666c1e7f08db1d255ed935cab95b5db17b00d73cb11722a632976d2aee3c7	ISO-8859 text
semis/ltspice/evenator_standard.jft	https://raw.githubusercontent.com/evenator/LTSpice-Libraries/master/cmp/standard.jft	5a9f798e94ec31c766e847888652b67ac100b19ee9de00c67794da4d9e577de4	ISO-8859 text
semis/misc/Minimoog Service Manual_text.pdf	https://dn760009.eu.archive.org/0/items/JL11387/Minimoog%20Service%20Manual_text.pdf	f1e3ad59bd119672454f55a25085f12fac878b8da1d3fd29a9f04a6afe7febf0	PDF document, version 1.5, 46 page(s)
semis/misc/tehnomagazin_transistors_G_GES.htm	https://www.tehnomagazin.com/Transistors_data_and_replacement_tables/transistors_G,GA,GC,GCN,GD,GE,GEP,GES.htm	c8293e91aeed4152dae952203c1ec252d879d02b92ea0d478b83e298337ef552	HTML document, ASCII text, with CRLF line ter
semis/models_misc/topspice_library.txt	http://penzar.com/topspice/library.txt	f50ced5811542ff4d5cc4ad4477b6bb0d95d30455270d0aad9d359d42953a7ac	ASCII text, with CRLF line terminators
semis/onsemi/1n4001-d.pdf	https://www.onsemi.com/pdf/datasheet/1n4001-d.pdf	255564063be9fb3ae674c31cf17fad1bd3a40aa398551badd129d2912b42480b	PDF document, version 1.4, 7 page(s)
semis/onsemi/1n4148.lib	https://www.onsemi.com/download/models/lib/1n4148.lib	f96cb71a2bb9de8848f4069cd9f14754b5182ffb39a5c4f05a25d5113784e68c	ASCII text
semis/onsemi/1n914-d.pdf	https://www.onsemi.com/pdf/datasheet/1n914-d.pdf	2d923806cce76211aa7abe124797bc4f1ccefe88a1b9077ae339d360ef375cbb	PDF document, version 1.4, 7 page(s)
semis/onsemi/1n914.lib	https://www.onsemi.com/download/models/lib/1n914.lib	558f99082a6a9197abf646fd9e54ac12836dcb2f580747c07f16434fc70670c5	ASCII text, with CRLF line terminators
semis/onsemi/2n3904-d.pdf	https://www.onsemi.com/pdf/datasheet/2n3904-d.pdf	85a3c49c61904654e2c98f22d820a31ed481417bad7d9c432f64762f740d3748	PDF document, version 1.4, 9 page(s)
semis/onsemi/2n3904.lib	https://www.onsemi.com/download/models/lib/2n3904.lib	5608c109b8d68d57798557991cee506661d031916f589325fad5ed10d82ccbf7	ASCII text, with CRLF line terminators
semis/onsemi/2n3906-d.pdf	https://www.onsemi.com/pdf/datasheet/2n3906-d.pdf	d91b63694bddc1a7054f490f2274329f0a9c46a04f8b48eb3aa31bab9cab26ad	PDF document, version 1.4, 9 page(s)
semis/onsemi/2n3906.lib	https://www.onsemi.com/download/models/lib/2n3906.lib	8d53e9c478e2f6c8c19fadcea97a01d0ed3e3ea7af3299160d1f550ba3080b5b	ASCII text, with CRLF line terminators
semis/onsemi/2n4403-d.pdf	https://www.onsemi.com/pdf/datasheet/2n4403-d.pdf	7d9794a0262b53f26f36cfd97a681384b358901c61fb5ac5956e785fe61b6bf9	PDF document, version 1.7, 8 page(s) (zip def
semis/onsemi/models_2n3904.html	https://onsemi.com/support/design-resources/models?rpn=2N3904	219d4def9a375737638577bbb3ab70108f5fed2baba60f0b0fde17f6b41b4ffc	HTML document, Unicode text, UTF-8 text, with
semis/siliconix/E402.pdf	https://datasheet4u.com/pdf/1540081/E402.pdf	0a7a18abaf01b9ae30501158d7cd1e01c898fb27e498f06598d4d8f5f3bf3c4f	PDF document, version 1.7, 1 page(s) (zip def
semis/ti/sloj138.zip	https://www.ti.com/lit/zip/sloj138 (-> https://www.ti.com/lit/mo/sloj138/sloj138.zip)	0494763955e459f789c90e2a0403e202742b29bc2f45c4c99c8346317c0e2f86	Zip archive data, made by v2.0, extract using
semis/ti/sloj138/UA741.301	DERIVED: unzipped from ti/sloj138.zip	6fc707dc0f43edccf82c22ca3cf582f8fa3e65b3ceb8e73fc6caf6d8679b6f17	text
semis/ti/ua741.pdf	https://www.ti.com/lit/ds/symlink/ua741.pdf	339cacf998657d5be6cb2f708e1343681f7dc2fa75b685b87556cf0c2e5c4838	PDF document, version 1.4, 10 page(s)
semis/txt/*.txt, interfet/ctc02[36].txt, misc/mm_service.txt, aimspice_national/spice_techlib_text.txt	DERIVED: pdftotext -layout / HTML-stripped text of the matching download (OCR quality varies)	-	text
semis/vishay/an104_70597.pdf	https://www.vishay.com/doc/?70597 (-> https://www.vishay.com/docs/70597/70597.pdf)	ebbe9d3c7db3216025486a36135229594a6cdd73c81753301721bca321e60767	PDF document, version 1.4, 2 page(s) (zip def
synthfool/errors/index_errors.html	https://www.synthfool.com/docs/Moog/minimoog/errors/	6cf3830667ddd995255cec2cf1bf01e6da3de2ed8b1506f20a84d259cf4e429c	HTML document, ASCII text
synthfool/errors/keyenvccpictorial.jpg	https://www.synthfool.com/docs/Moog/minimoog/errors/keyenvccpictorial.jpg	fc80bb17124e34bd7eaf4f3c3481be59b09cf831173211ffe60790145a06e8c3	JPEG image data, JFIF standard 1.02, aspect ratio, density 100x100, se
synthfool/errors/miniswitchcorrection.jpg	https://www.synthfool.com/docs/Moog/minimoog/errors/miniswitchcorrection.jpg	b8a46d1ca54839203752299e4d87e3e209c77a02980d1b39f9900c8eeea52bd7	JPEG image data, JFIF standard 1.02, aspect ratio, density 100x100, se
synthfool/errors/psuboardpictorial.jpg	https://www.synthfool.com/docs/Moog/minimoog/errors/psuboardpictorial.jpg	ea8ef984680a4c9b03f3cadccb22ddb5e0d1ccf5f9b9e348b302f7e05b586bbb	JPEG image data, JFIF standard 1.02, aspect ratio, density 100x100, se
synthfool/errors/vcfvcaboardpictorial.jpg	https://www.synthfool.com/docs/Moog/minimoog/errors/vcfvcaboardpictorial.jpg	5209579bae8d7bd122f0e77e0d4732ded7e858634ad66448a7e660c19c135464	JPEG image data, JFIF standard 1.02, aspect ratio, density 100x100, se
synthfool/minikl/Flat rate repairs for minimoogs	http://www.synthfool.com/minikl/Flat%20rate%20repairs%20for%20minimoogs	1752d985526bc1a1169e241131faa54938a9a814305c8267f4b821f4c0c590af	Composite Document File V2 Document, Little Endian, Os: MacOS, Version
synthfool/minikl/MINIMOOGsheet.jpg	http://www.synthfool.com/minikl/MINIMOOGsheet.jpg	71d9b7e67dbb49bb29bf0892450bf11957f6f796ee8e5951273c9a01c698ae8c	JPEG image data, JFIF standard 1.02, resolution (DPI), density 200x200
synthfool/minikl/MiniMoog Repairs.doc	http://www.synthfool.com/minikl/MiniMoog%20Repairs.doc	e8a5b84cba8a378ac32ce546672905636e90c85087652793a12956be9d0c50de	Composite Document File V2 Document, Little Endian, Os: Windows, Versi
synthfool/minikl/Minimoog Changes2.rtf	http://www.synthfool.com/minikl/Minimoog%20Changes2.rtf	0a0517475e21963c15658aad87bc8952dc571fa45a34802da2de6543add654f2	Rich Text Format data, version 1, ANSI, code page 1252, default langua
synthfool/minikl/Minimoog wire colors.rtf	http://www.synthfool.com/minikl/Minimoog%20wire%20colors.rtf	274f4565d9a279bb96809203038449e65449fd85626aba59faebd7ad73f79a97	Rich Text Format data, version 1, ANSI, code page 1252
synthfool/minikl/Paul's Mini	http://www.synthfool.com/minikl/Paul%27s%20Mini	a243cd598f87b5a5048806d5233fae9360019624aa39993f428c7383f226524c	Composite Document File V2 Document, Little Endian, Os: MacOS, Version
synthfool/minikl/RA mini tricks	http://www.synthfool.com/minikl/RA%20mini%20tricks	8add6b442ff7b6112ff75fbfaf9afefd9c035be7033d966c6a88d020d24cb88f	Composite Document File V2 Document, Little Endian, Os: MacOS, Version
synthfool/minikl/To add CV and GATE to Minimoog.rtf	http://www.synthfool.com/minikl/To%20add%20CV%20and%20GATE%20to%20Minimoog.rtf	5724442d3f5c4a8605b1c4ac06ecfe5391dafaca6acf473c57afcd082c7c0c44	Rich Text Format data, version 1, ANSI, code page 1252
synthfool/minikl/Want a nice Minimoog	http://www.synthfool.com/minikl/Want%20a%20nice%20Minimoog	0562507d4b68091f690448e2dd24d4489b49a18d1ac2d996d9499c563cfaf778	Composite Document File V2 Document, Little Endian, Os: MacOS, Version
synthfool/minikl/donsnewwavewafers.jpg	http://www.synthfool.com/minikl/donsnewwavewafers.jpg	93915d1e3e4f329d27edeaf44e69bab754ac1c6cba7e1e02717f874ed80f513e	JPEG image data, JFIF standard 1.02, aspect ratio, density 100x100, se
synthfool/minikl/industrial.pdf	http://www.synthfool.com/minikl/industrial.pdf	d96a5bde035a803671c6cf8949c8df61848f4468ea4c41e9df952dd26eb0158d	PDF document, version 1.3, 28 page(s)
synthfool/minikl/kevs minimoog	http://www.synthfool.com/minikl/kevs%20minimoog	3e90b1f484ef4ffef4476387f38fa6829ae5e8b4b7231b735072555bcea4297a	Composite Document File V2 Document, Little Endian, Os: MacOS, Version
synthfool/minikl/minimods.gif	http://www.synthfool.com/minikl/minimods.gif	f5475ab963c2c3702b602884c149ad7b907ac7108af88f40f020c006d7a26fb8	GIF image data, version 89a, 1553 x 1620
synthfool/minikl/minimoog eval	http://www.synthfool.com/minikl/minimoog%20eval	7b4c950ad9ceaf9e64c7a5c059094bcc267682f20d6221a3245cea96e53d1d54	Adobe Photoshop Image, 3900 x 2400, RGB, 3x 8-bit channels
synthfool/minikl/moog_minimoog_cv_mod.gif	http://www.synthfool.com/minikl/moog_minimoog_cv_mod.gif	dc5966bd7c5e446f994084f943a4fbcaa7211d424f797891cf3280760c164bca	GIF image data, version 89a, 290 x 400
synthfool/minikl/moog_minimoog_cv_orig.gif	http://www.synthfool.com/minikl/moog_minimoog_cv_orig.gif	7c89588cb65b425ca26f0e2b3245307d26497d3a7a640ce63559a15037986c82	GIF image data, version 89a, 290 x 400
synthfool/minikl/txt/conv_Flat_rate_repairs_for_minimoogs.txt	(LibreOffice text conversion of the file of the same stem in ../)	92b7e3825f3c019ec7f9a61dfb2a6b5ee44b54f2a2b3b741edbcea40f4060145	Unicode text, UTF-8 (with BOM) text
synthfool/minikl/txt/conv_MiniMoog_Repairs.doc.txt	(LibreOffice text conversion of the file of the same stem in ../)	a50d74f465a17b2a34fb70819ab50a0601bfe4c216392c0058787146afc4abfd	Unicode text, UTF-8 (with BOM) text
synthfool/minikl/txt/conv_Paul_s_Mini.txt	(LibreOffice text conversion of the file of the same stem in ../)	3da409df085074392c0935830cecfa5a5d466e6b724df541313ecd4f81d1fb36	Unicode text, UTF-8 (with BOM) text
synthfool/minikl/txt/conv_RA_mini_tricks.txt	(LibreOffice text conversion of the file of the same stem in ../)	5c9ef9ca656e84706c3fa20390249963ed010bab767677737865e75472155920	Unicode text, UTF-8 (with BOM) text, with very long lines (549)
synthfool/minikl/txt/conv_To_add_CV_and_GATE_to_Minimoog.rtf.txt	(LibreOffice text conversion of the file of the same stem in ../)	179157208252a3e32370ac660219b2aa33fda3ced93712f09049dda056fad322	Unicode text, UTF-8 (with BOM) text
synthfool/minikl/txt/conv_Want_a_nice_Minimoog.txt	(LibreOffice text conversion of the file of the same stem in ../)	81390237215d138446e1b14df5d42117c47cdeacfd07f3901483ca16de31f462	Unicode text, UTF-8 (with BOM) text
synthfool/minikl/txt/conv_kevs_minimoog.txt	(LibreOffice text conversion of the file of the same stem in ../)	bb42d354dd851e64fd696615e9e01a6945a0981684aa09af40824b7e027fccac	Unicode text, UTF-8 (with BOM) text
synthfool/minikl/vco sync mod schemo.png	http://www.synthfool.com/minikl/vco%20sync%20mod%20schemo.png	1a555b220865ea8044e4ed0ccc4c7c55e5afd3808b2320ca8f9dda5b2330638a	PNG image data, 1553 x 1620, 8-bit/color RGB, non-interlaced
synthfool/minimoog/Minimoog_Service_Manual.pdf	https://www.synthfool.com/docs/Moog/minimoog/Minimoog_Service_Manual.pdf	0edd35f3f9ab1eba346693545f0dcbe374bdcf6f37f9b1a34ecbdeb8ae682b4a	PDF document, version 1.4, 2 page(s)
synthfool/minimoog/factory_service_bulleting_804C1.jpg	https://www.synthfool.com/docs/Moog/minimoog/factory_service_bulleting_804C1.jpg	eb0678df1751dbaa1f75977994435da581ce255c7ee7e831ba0c2961da7f6b1b	JPEG image data, JFIF standard 1.02, resolution (DPI), density 300x300
synthfool/minimoog/factory_service_bulleting_804C2.jpg	https://www.synthfool.com/docs/Moog/minimoog/factory_service_bulleting_804C2.jpg	d049166176480ae8a21bd1ff20e7133e72f2c5f99a2963a3af035c3857642a18	JPEG image data, JFIF standard 1.02, resolution (DPI), density 300x300
synthfool/minimoog/factory_service_bulleting_832.jpg	https://www.synthfool.com/docs/Moog/minimoog/factory_service_bulleting_832.jpg	74c31b3c6f7dc8b12432372aed20c62b8df832e4eee3ad1e45209829806cbcb5	JPEG image data, JFIF standard 1.02, resolution (DPI), density 300x300
synthfool/minimoog/headers.txt	None	04be4f5ce7238528a093df4f81dfde75e028951139e5e4ba8dd5271f9b4b41ee	ASCII text, with CRLF line terminators
synthfool/minimoog/index_parent.html	https://www.synthfool.com/docs/Moog/minimoog/	3552fc14bb7eccb22350b9139507a42408cd63f04404dfae509d74f2bfe739ce	HTML document, ASCII text
synthfool/minimoog/lessdrift.jpg	https://www.synthfool.com/docs/Moog/minimoog/lessdrift.jpg	2be4fbd153559f9de0d5a3cdafc37e483d32ebbe9f954aafa9a3b417aa0893ec	JPEG image data, JFIF standard 1.02, aspect ratio, density 100x100, se
synthfool/minimoog/mini_modifications1.jpg	https://www.synthfool.com/docs/Moog/minimoog/mini_modifications1.jpg	46dfe957c9c13ec6fbeaf73b78d456ef1c0ca2789572dcb7b0c54f9af96fcfe3	JPEG image data, JFIF standard 1.02, resolution (DPI), density 300x300
synthfool/minimoog/mini_modifications2.jpg	https://www.synthfool.com/docs/Moog/minimoog/mini_modifications2.jpg	d0a0e8c72b8dcc8c7aa887ecd826b77242ee868645e860ffd3d65f58e268b6d3	JPEG image data, JFIF standard 1.02, resolution (DPI), density 300x300
synthfool/minimoog/mini_modifications3.jpg	https://www.synthfool.com/docs/Moog/minimoog/mini_modifications3.jpg	30ce8107c46598d42ee1f05a7d49013df5df2a65d3b0070d96124b2f78681d27	JPEG image data, JFIF standard 1.02, resolution (DPI), density 300x300
synthfool/minimoog/mini_psu_mod.jpg	https://www.synthfool.com/docs/Moog/minimoog/mini_psu_mod.jpg	6fb2449a71d26d6043a9b233f2313e4803f38bc8e24b76a1c9b3a5c3cbb26fa2	JPEG image data, JFIF standard 1.02, resolution (DPI), density 300x300
synthfool/minimoog/more_mini_mods.jpg	https://www.synthfool.com/docs/Moog/minimoog/more_mini_mods.jpg	7ff308c45d3c23db8945b7d114db5b3ca71dade0d60926e1d7262cae65587232	JPEG image data, JFIF standard 1.02, aspect ratio, density 100x100, se
synthfool/minimoog/updated_tuning_early_vcos.jpg	https://www.synthfool.com/docs/Moog/minimoog/updated_tuning_early_vcos.jpg	54f9d170c3927ee4ba867ecf4cf40f5e79ebb255c88b6d0bd5122c04c46571fa	JPEG image data, JFIF standard 1.02, resolution (DPI), density 300x300
synthfool/moog/moogfsbwheelspring.jpg	https://www.synthfool.com/docs/Moog/moogfsbwheelspring.jpg	861293765bec6d951a890ef9175213ad64d93d32f28c1f5186efad6d93ef55ae	JPEG image data, JFIF standard 1.02, aspect ratio, density 100x100, se
synthfool/vco_delay_lines/minimoog_VCO_board _delay_lines.jpg	https://www.synthfool.com/docs/Moog/minimoog/vco_delay_lines/minimoog_VCO_board%20_delay_lines.jpg	b6fa0f4d0a8cf92bd8d9bc720fed6c3e2a9730fe9f0619c64a3d4c820d00a489	JPEG image data, JFIF standard 1.02, resolution (DPI), density 300x300
synthfool/vco_delay_lines/with_delay_lines.jpg	https://www.synthfool.com/docs/Moog/minimoog/vco_delay_lines/with_delay_lines.jpg	c653fc8b15fa2ac78f92134863480fc4cb760c5772a94e0bb14225e8b6031967	JPEG image data, JFIF standard 1.02, aspect ratio, density 100x100, se
synthfool/vco_delay_lines/without_delay_lines.jpg	https://www.synthfool.com/docs/Moog/minimoog/vco_delay_lines/without_delay_lines.jpg	0a697e6596592a756a686b6a4a86a9007ca1e7d8180cdf83af9d85cd0ba4f256	JPEG image data, JFIF standard 1.02, aspect ratio, density 100x100, se
synthmanuals/minimoogservicemanual.pdf	https://www.synthmanuals.com/manuals/moog/minimoog/service_manual/minimoogservicemanual.pdf	d1f96fa26d9e25dda9d1cb0bbe9a5e0b017f7e463ec5b268c380b58d44f5b6fe	PDF document, version 1.6 (zip deflate encoded)
synthmanuals/minimoogservicemanual_OCR_tesseract_p1-60.txt	(derived: tesseract OCR of minimoogservicemanual.pdf)	8f25eab0de77fc2519b1a4ca7fdc4b69aca37f791e1f190ed1431997160f8c74	Unicode text, UTF-8 text
synthmanuals/moog_minimoog_schematics_rvgm.pdf	https://www.synthmanuals.com/manuals/moog/minimoog/schematics/moog_minimoog_schematics_rvgm.pdf	acb2293ad8c6cfb58088e068527211e617263374b014693f4b2e5f85bd32c854	PDF document, version 1.6 (zip deflate encoded)
